grupo,autor,email,commits,commits_percentual,arquivos_criados,arquivos_criados_percentual,arquivos_removidos,arquivos_removidos_percentual,linhas_inseridas,linhas_inseridas_percentual,linhas_removidas,linhas_removidas_percentual
1,Daniel de Souza Melo,danielmelo@byronsolutions.com,9,21.95,3,12.5,0,0.0,222,4.46,88,18.07
1,Daniel Melo,danielsouzamelo284@gmail.com,1,2.44,0,0.0,0,0.0,5,0.1,0,0.0
1,Kody-Unifei,d2023009421@unifei.edu.br,1,2.44,1,4.17,0,0.0,0,0.0,0,0.0
1,Kody-Unifei,146854134+Kody-Unifei@users.noreply.github.com,4,9.76,1,4.17,0,0.0,76,1.53,7,1.44
1,LuizFellipiFreire25,felipedanifreire@gmail.com,22,53.66,19,79.17,1,100.0,4446,89.37,294,60.37
1,VGResende,141649570+VGResende@users.noreply.github.com,4,9.76,0,0.0,0,0.0,226,4.54,98,20.12
2,ArthurMajoralPimont,d2024013189@unifei.edu.br,23,46.94,9,31.03,3,27.27,1679,22.66,1036,30.27
2,copilot-swe-agent[bot],198982749+Copilot@users.noreply.github.com,1,2.04,1,3.45,0,0.0,13,0.18,0,0.0
2,Erick Kei Igarashi Alves,erick.igarashi05@gmail.com,5,10.2,7,24.14,2,18.18,2484,33.53,891,26.03
2,MacedoVander,d2024013670@unifei.edu.br,10,20.41,7,24.14,5,45.45,2028,27.38,932,27.23
2,Raffael-Toledo,d2023005398@unifei.edu.br,10,20.41,5,17.24,1,9.09,1204,16.25,564,16.48
3,GuiCastro7,d2024010605@unifei.edu.br,52,59.09,9,34.62,5,55.56,3016,23.81,1922,31.52
3,Matheus Felipe,144721201+m2002006@users.noreply.github.com,8,9.09,6,23.08,2,22.22,5555,43.86,2377,38.99
3,nickolasnicoletomusico,nickolasnicoletomusico@gmail.com,10,11.36,3,11.54,0,0.0,675,5.33,168,2.76
3,rafaelunifei,146854230+rafaelunifei@users.noreply.github.com,18,20.45,8,30.77,2,22.22,3419,27.0,1630,26.73
4,felipeconradovidal,felipeconrado.vidal@gmail.com,15,27.27,5,27.78,0,0.0,2125,14.73,124,2.06
4,Miguel Luiz,miguelzu1243@gmail.com,12,21.82,2,11.11,0,0.0,7361,51.04,5466,90.65
4,Thiago,thiago.realino@gmail.com,1,1.82,1,5.56,0,0.0,887,6.15,0,0.0
4,Thiago Vieira,127440495+ThiagoVReal@users.noreply.github.com,2,3.64,4,22.22,0,0.0,2529,17.54,0,0.0
4,ViniciusMaciel-cae,d2024004395@unifei.edu.br,25,45.45,6,33.33,0,0.0,1520,10.54,440,7.3
5,andreperica,d2024005991@unifei.edu.br,24,32.88,8,27.59,2,22.22,1427,25.75,41,5.43
5,gabrielhenrique-unifei,163307934+gabrielhenrique-unifei@users.noreply.github.com,12,16.44,6,20.69,1,11.11,771,13.91,62,8.21
5,Igor Fantucci de Mattos Teixeira,igorfantuccimt@gmail.com,14,19.18,7,24.14,2,22.22,1467,26.48,306,40.53
5,vitoria299melo,d2024012118@unifei.edu.br,23,31.51,8,27.59,4,44.44,1876,33.86,346,45.83
6,arthur-unifei,146854146+arthur-unifei@users.noreply.github.com,15,25.0,8,34.78,0,0.0,2935,35.77,1505,71.84
6,caiquendp,148247223+caiquendp@users.noreply.github.com,12,20.0,5,21.74,0,0.0,753,9.18,27,1.29
6,Luis Felipe Pereira Campos,146841523+LuisFelipeCampos@users.noreply.github.com,18,30.0,1,4.35,1,25.0,1785,21.75,446,21.29
6,marinazakimi,144032134+marinazakimi@users.noreply.github.com,15,25.0,9,39.13,3,75.0,2733,33.3,117,5.58
7,Alvaro Marques da Silva,alvaromarquesilva@gmail.com,20,21.51,8,22.86,6,35.29,2237,23.23,1988,33.86
7,Anna Gavinho,d2024011282@unifei.edu.br,32,34.41,15,42.86,5,29.41,4703,48.83,1947,33.16
7,d2024005211-stack,d2024005211@unifei.edu.br,2,2.15,1,2.86,0,0.0,72,0.75,0,0.0
7,Jose Rafael de Carvalho,d2024005211@unifei.edu.br,9,9.68,3,8.57,0,0.0,349,3.62,93,1.58
7,PedroVasconcelosUNIFEI,148780063+PedroVasconcelosUNIFEI@users.noreply.github.com,30,32.26,8,22.86,6,35.29,2270,23.57,1843,31.39
8,Brayan Ribeiro,d2024005810@unifei.edu.br,6,10.91,4,14.81,0,0.0,435,7.73,0,0.0
8,d005810,d2024005810@unifei.edu.br,19,34.55,6,22.22,3,37.5,936,16.64,544,21.0
8,JoaoPedroReisS,163148608+JoaoPedroReisS@users.noreply.github.com,9,16.36,7,25.93,2,25.0,1950,34.67,1069,41.27
8,Kilder13,kilder1304@gmail.com,3,5.45,3,11.11,1,12.5,415,7.38,159,6.14
8,WesleyUnifei,146854141+WesleyUnifei@users.noreply.github.com,18,32.73,7,25.93,2,25.0,1888,33.57,818,31.58
9,João,164713970+JoaoOMago@users.noreply.github.com,40,30.53,18,41.86,0,0.0,5767,44.97,2460,28.78
9,Leo-unifei,d2024006120@unifei.edu.br,1,0.76,0,0.0,20,90.91,541,4.22,4551,53.25
9,leovarconrenno,leovarconrenno@gmail.com,3,2.29,4,9.3,0,0.0,435,3.39,0,0.0
9,MarceloCandelaria,148222438+MarceloCandelaria@users.noreply.github.com,87,66.41,21,48.84,2,9.09,6080,47.41,1536,17.97
